id;created_by;created_date;last_modified_by;last_modified_date;nb_present;menu_id;waste_metric_id
2;admin;2015-01-02;admin;2015-01-02;294;1;2
3;admin;2015-01-05;admin;2015-01-05;294;2;3
4;admin;2015-01-06;admin;2015-01-06;276;3;4
5;admin;2015-01-07;admin;2015-01-07;279;4;5
6;admin;2015-01-08;admin;2015-01-08;297;5;6
7;admin;2015-01-09;admin;2015-01-09;282;6;7
8;admin;2015-01-12;admin;2015-01-12;276;7;8
9;admin;2015-01-13;admin;2015-01-13;282;8;9
10;admin;2015-01-14;admin;2015-01-14;276;9;10
11;admin;2015-01-15;admin;2015-01-15;291;10;11
12;admin;2015-01-16;admin;2015-01-16;291;11;12
13;admin;2015-01-19;admin;2015-01-19;279;12;13
14;admin;2015-01-20;admin;2015-01-20;285;13;14
15;admin;2015-01-21;admin;2015-01-21;291;14;15
16;admin;2015-01-22;admin;2015-01-22;294;15;16
17;admin;2015-01-23;admin;2015-01-23;279;16;17
18;admin;2015-01-26;admin;2015-01-26;279;17;18
19;admin;2015-01-27;admin;2015-01-27;291;18;19
20;admin;2015-01-28;admin;2015-01-28;300;19;20
21;admin;2015-01-29;admin;2015-01-29;300;20;21
22;admin;2015-01-30;admin;2015-01-30;285;21;22
23;admin;2015-02-02;admin;2015-02-02;282;22;23
24;admin;2015-02-03;admin;2015-02-03;297;23;24
25;admin;2015-02-04;admin;2015-02-04;300;24;25
26;admin;2015-02-05;admin;2015-02-05;279;25;26
27;admin;2015-02-06;admin;2015-02-06;282;26;27
28;admin;2015-02-09;admin;2015-02-09;276;27;28
29;admin;2015-02-10;admin;2015-02-10;282;28;29
30;admin;2015-02-11;admin;2015-02-11;288;29;30
31;admin;2015-02-12;admin;2015-02-12;276;30;31
32;admin;2015-02-13;admin;2015-02-13;288;31;32
33;admin;2015-02-16;admin;2015-02-16;279;32;33
34;admin;2015-02-17;admin;2015-02-17;297;33;34
35;admin;2015-02-18;admin;2015-02-18;294;34;35
36;admin;2015-02-19;admin;2015-02-19;288;35;36
37;admin;2015-02-20;admin;2015-02-20;288;36;37
38;admin;2015-02-23;admin;2015-02-23;300;37;38
39;admin;2015-02-24;admin;2015-02-24;291;38;39
40;admin;2015-02-25;admin;2015-02-25;285;39;40
41;admin;2015-02-26;admin;2015-02-26;300;40;41
42;admin;2015-02-27;admin;2015-02-27;276;41;42
43;admin;2015-03-02;admin;2015-03-02;291;42;43
44;admin;2015-03-03;admin;2015-03-03;291;43;44
45;admin;2015-03-04;admin;2015-03-04;279;44;45
46;admin;2015-03-05;admin;2015-03-05;285;45;46
47;admin;2015-03-06;admin;2015-03-06;288;46;47
48;admin;2015-03-09;admin;2015-03-09;279;47;48
49;admin;2015-03-10;admin;2015-03-10;279;48;49
50;admin;2015-03-11;admin;2015-03-11;282;49;50
51;admin;2015-03-12;admin;2015-03-12;288;50;51
52;admin;2015-03-13;admin;2015-03-13;291;51;52
53;admin;2015-03-16;admin;2015-03-16;294;52;53
54;admin;2015-03-17;admin;2015-03-17;279;53;54
55;admin;2015-03-18;admin;2015-03-18;279;54;55
56;admin;2015-03-19;admin;2015-03-19;276;55;56
57;admin;2015-03-20;admin;2015-03-20;291;56;57
58;admin;2015-03-23;admin;2015-03-23;279;57;58
59;admin;2015-03-24;admin;2015-03-24;300;58;59
60;admin;2015-03-25;admin;2015-03-25;294;59;60
61;admin;2015-03-26;admin;2015-03-26;291;60;61
62;admin;2015-03-27;admin;2015-03-27;279;61;62
63;admin;2015-03-30;admin;2015-03-30;276;62;63
64;admin;2015-03-31;admin;2015-03-31;294;63;64
65;admin;2015-04-01;admin;2015-04-01;297;64;65
66;admin;2015-04-02;admin;2015-04-02;282;65;66
67;admin;2015-04-03;admin;2015-04-03;282;66;67
68;admin;2015-04-06;admin;2015-04-06;288;67;68
69;admin;2015-04-07;admin;2015-04-07;294;68;69
70;admin;2015-04-08;admin;2015-04-08;285;69;70
71;admin;2015-04-09;admin;2015-04-09;294;70;71
72;admin;2015-04-10;admin;2015-04-10;294;71;72
73;admin;2015-04-13;admin;2015-04-13;279;72;73
74;admin;2015-04-14;admin;2015-04-14;279;73;74
75;admin;2015-04-15;admin;2015-04-15;279;74;75
76;admin;2015-04-16;admin;2015-04-16;291;75;76
77;admin;2015-04-17;admin;2015-04-17;279;76;77
78;admin;2015-04-20;admin;2015-04-20;300;77;78
79;admin;2015-04-21;admin;2015-04-21;276;78;79
80;admin;2015-04-22;admin;2015-04-22;276;79;80
81;admin;2015-04-23;admin;2015-04-23;285;80;81
82;admin;2015-04-24;admin;2015-04-24;297;81;82
83;admin;2015-04-27;admin;2015-04-27;294;82;83
84;admin;2015-04-28;admin;2015-04-28;285;83;84
85;admin;2015-04-29;admin;2015-04-29;285;84;85
86;admin;2015-04-30;admin;2015-04-30;282;85;86
87;admin;2015-05-01;admin;2015-05-01;285;86;87
88;admin;2015-05-04;admin;2015-05-04;294;87;88
89;admin;2015-05-05;admin;2015-05-05;276;88;89
90;admin;2015-05-06;admin;2015-05-06;288;89;90
91;admin;2015-05-07;admin;2015-05-07;288;90;91
92;admin;2015-05-08;admin;2015-05-08;285;91;92
93;admin;2015-05-11;admin;2015-05-11;276;92;93
94;admin;2015-05-12;admin;2015-05-12;300;93;94
95;admin;2015-05-13;admin;2015-05-13;288;94;95
96;admin;2015-05-14;admin;2015-05-14;294;95;96
97;admin;2015-05-15;admin;2015-05-15;282;96;97
98;admin;2015-05-18;admin;2015-05-18;279;97;98
99;admin;2015-05-19;admin;2015-05-19;297;98;99
100;admin;2015-05-20;admin;2015-05-20;291;99;100
101;admin;2015-05-21;admin;2015-05-21;297;100;101
102;admin;2015-05-22;admin;2015-05-22;276;101;102
103;admin;2015-05-25;admin;2015-05-25;288;102;103
104;admin;2015-05-26;admin;2015-05-26;300;103;104
105;admin;2015-05-27;admin;2015-05-27;288;104;105
106;admin;2015-05-28;admin;2015-05-28;279;105;106
107;admin;2015-05-29;admin;2015-05-29;294;106;107
108;admin;2015-06-01;admin;2015-06-01;294;107;108
109;admin;2015-06-02;admin;2015-06-02;279;108;109
110;admin;2015-06-03;admin;2015-06-03;285;109;110
111;admin;2015-06-04;admin;2015-06-04;291;110;111
112;admin;2015-06-05;admin;2015-06-05;279;111;112
113;admin;2015-06-08;admin;2015-06-08;297;112;113
114;admin;2015-06-09;admin;2015-06-09;285;113;114
115;admin;2015-06-10;admin;2015-06-10;291;114;115
116;admin;2015-06-11;admin;2015-06-11;294;115;116
117;admin;2015-06-12;admin;2015-06-12;276;116;117
118;admin;2015-06-15;admin;2015-06-15;291;117;118
119;admin;2015-06-16;admin;2015-06-16;282;118;119
120;admin;2015-06-17;admin;2015-06-17;288;119;120
121;admin;2015-06-18;admin;2015-06-18;282;120;121
122;admin;2015-06-19;admin;2015-06-19;282;121;122
123;admin;2015-06-22;admin;2015-06-22;297;122;123
124;admin;2015-06-23;admin;2015-06-23;288;123;124
125;admin;2015-06-24;admin;2015-06-24;288;124;125
126;admin;2015-06-25;admin;2015-06-25;291;125;126
127;admin;2015-06-26;admin;2015-06-26;282;126;127
128;admin;2015-06-29;admin;2015-06-29;279;127;128
129;admin;2015-06-30;admin;2015-06-30;279;128;129
130;admin;2015-07-01;admin;2015-07-01;276;129;130
131;admin;2015-07-02;admin;2015-07-02;279;130;131
132;admin;2015-07-03;admin;2015-07-03;288;131;132
133;admin;2015-07-06;admin;2015-07-06;294;132;133
134;admin;2015-07-07;admin;2015-07-07;285;133;134
135;admin;2015-07-08;admin;2015-07-08;282;134;135
136;admin;2015-07-09;admin;2015-07-09;297;135;136
137;admin;2015-07-10;admin;2015-07-10;294;136;137
138;admin;2015-07-13;admin;2015-07-13;276;137;138
139;admin;2015-07-14;admin;2015-07-14;300;138;139
140;admin;2015-07-15;admin;2015-07-15;276;139;140
141;admin;2015-07-16;admin;2015-07-16;285;140;141
142;admin;2015-07-17;admin;2015-07-17;300;141;142
143;admin;2015-07-20;admin;2015-07-20;297;142;143
144;admin;2015-07-21;admin;2015-07-21;294;143;144
145;admin;2015-07-22;admin;2015-07-22;294;144;145
146;admin;2015-07-23;admin;2015-07-23;282;145;146
147;admin;2015-07-24;admin;2015-07-24;285;146;147
148;admin;2015-07-27;admin;2015-07-27;285;147;148
149;admin;2015-07-28;admin;2015-07-28;294;148;149
150;admin;2015-07-29;admin;2015-07-29;294;149;150
151;admin;2015-07-30;admin;2015-07-30;285;150;151
152;admin;2015-07-31;admin;2015-07-31;300;151;152
153;admin;2015-08-03;admin;2015-08-03;288;152;153
154;admin;2015-08-04;admin;2015-08-04;294;153;154
155;admin;2015-08-05;admin;2015-08-05;297;154;155
156;admin;2015-08-06;admin;2015-08-06;276;155;156
157;admin;2015-08-07;admin;2015-08-07;300;156;157
158;admin;2015-08-10;admin;2015-08-10;300;157;158
159;admin;2015-08-11;admin;2015-08-11;276;158;159
160;admin;2015-08-12;admin;2015-08-12;294;159;160
161;admin;2015-08-13;admin;2015-08-13;285;160;161
162;admin;2015-08-14;admin;2015-08-14;285;161;162
163;admin;2015-08-17;admin;2015-08-17;297;162;163
164;admin;2015-08-18;admin;2015-08-18;294;163;164
165;admin;2015-08-19;admin;2015-08-19;300;164;165
166;admin;2015-08-20;admin;2015-08-20;288;165;166
167;admin;2015-08-21;admin;2015-08-21;297;166;167
168;admin;2015-08-24;admin;2015-08-24;288;167;168
169;admin;2015-08-25;admin;2015-08-25;300;168;169
170;admin;2015-08-26;admin;2015-08-26;291;169;170
171;admin;2015-08-27;admin;2015-08-27;285;170;171
172;admin;2015-08-28;admin;2015-08-28;297;171;172
173;admin;2015-08-31;admin;2015-08-31;285;172;173
174;admin;2015-09-01;admin;2015-09-01;288;173;174
175;admin;2015-09-02;admin;2015-09-02;279;174;175
176;admin;2015-09-03;admin;2015-09-03;291;175;176
177;admin;2015-09-04;admin;2015-09-04;282;176;177
178;admin;2015-09-07;admin;2015-09-07;282;177;178
179;admin;2015-09-08;admin;2015-09-08;297;178;179
180;admin;2015-09-09;admin;2015-09-09;285;179;180
181;admin;2015-09-10;admin;2015-09-10;285;180;181
182;admin;2015-09-11;admin;2015-09-11;285;181;182
183;admin;2015-09-14;admin;2015-09-14;288;182;183
184;admin;2015-09-15;admin;2015-09-15;279;183;184
185;admin;2015-09-16;admin;2015-09-16;282;184;185
186;admin;2015-09-17;admin;2015-09-17;279;185;186
187;admin;2015-09-18;admin;2015-09-18;276;186;187
188;admin;2015-09-21;admin;2015-09-21;279;187;188
189;admin;2015-09-22;admin;2015-09-22;291;188;189
190;admin;2015-09-23;admin;2015-09-23;291;189;190
191;admin;2015-09-24;admin;2015-09-24;276;190;191
192;admin;2015-09-25;admin;2015-09-25;294;191;192
193;admin;2015-09-28;admin;2015-09-28;276;192;193
194;admin;2015-09-29;admin;2015-09-29;297;193;194
195;admin;2015-09-30;admin;2015-09-30;297;194;195
196;admin;2015-10-01;admin;2015-10-01;297;195;196
197;admin;2015-10-02;admin;2015-10-02;276;196;197
198;admin;2015-10-05;admin;2015-10-05;282;197;198
199;admin;2015-10-06;admin;2015-10-06;294;198;199
200;admin;2015-10-07;admin;2015-10-07;276;199;200
201;admin;2015-10-08;admin;2015-10-08;300;200;201
202;admin;2015-10-09;admin;2015-10-09;276;201;202
203;admin;2015-10-12;admin;2015-10-12;282;202;203
204;admin;2015-10-13;admin;2015-10-13;282;203;204
205;admin;2015-10-14;admin;2015-10-14;300;204;205
206;admin;2015-10-15;admin;2015-10-15;288;205;206
207;admin;2015-10-16;admin;2015-10-16;285;206;207
208;admin;2015-10-19;admin;2015-10-19;276;207;208
209;admin;2015-10-20;admin;2015-10-20;294;208;209
210;admin;2015-10-21;admin;2015-10-21;279;209;210
211;admin;2015-10-22;admin;2015-10-22;276;210;211
212;admin;2015-10-23;admin;2015-10-23;291;211;212
213;admin;2015-10-26;admin;2015-10-26;300;212;213
214;admin;2015-10-27;admin;2015-10-27;288;213;214
215;admin;2015-10-28;admin;2015-10-28;279;214;215
216;admin;2015-10-29;admin;2015-10-29;300;215;216
217;admin;2015-10-30;admin;2015-10-30;297;216;217
218;admin;2015-11-02;admin;2015-11-02;294;217;218
219;admin;2015-11-03;admin;2015-11-03;285;218;219
220;admin;2015-11-04;admin;2015-11-04;282;219;220
221;admin;2015-11-05;admin;2015-11-05;276;220;221
222;admin;2015-11-06;admin;2015-11-06;300;221;222
223;admin;2015-11-09;admin;2015-11-09;279;222;223
224;admin;2015-11-10;admin;2015-11-10;291;223;224
225;admin;2015-11-11;admin;2015-11-11;288;224;225
226;admin;2015-11-12;admin;2015-11-12;282;225;226
227;admin;2015-11-13;admin;2015-11-13;288;226;227
228;admin;2015-11-16;admin;2015-11-16;297;227;228
229;admin;2015-11-17;admin;2015-11-17;300;228;229
230;admin;2015-11-18;admin;2015-11-18;300;229;230
231;admin;2015-11-19;admin;2015-11-19;300;230;231
232;admin;2015-11-20;admin;2015-11-20;285;231;232
233;admin;2015-11-23;admin;2015-11-23;276;232;233
234;admin;2015-11-24;admin;2015-11-24;285;233;234
235;admin;2015-11-25;admin;2015-11-25;276;234;235
236;admin;2015-11-26;admin;2015-11-26;300;235;236
237;admin;2015-11-27;admin;2015-11-27;279;236;237
238;admin;2015-11-30;admin;2015-11-30;288;237;238
239;admin;2015-12-01;admin;2015-12-01;294;238;239
240;admin;2015-12-02;admin;2015-12-02;279;239;240
241;admin;2015-12-03;admin;2015-12-03;285;240;241
242;admin;2015-12-04;admin;2015-12-04;297;241;242
243;admin;2015-12-07;admin;2015-12-07;279;242;243
244;admin;2015-12-08;admin;2015-12-08;285;243;244
245;admin;2015-12-09;admin;2015-12-09;282;244;245
246;admin;2015-12-10;admin;2015-12-10;288;245;246
247;admin;2015-12-11;admin;2015-12-11;276;246;247
248;admin;2015-12-14;admin;2015-12-14;279;247;248
249;admin;2015-12-15;admin;2015-12-15;291;248;249
250;admin;2015-12-16;admin;2015-12-16;288;249;250
251;admin;2015-12-17;admin;2015-12-17;294;250;251
252;admin;2015-12-18;admin;2015-12-18;276;251;252
253;admin;2015-12-21;admin;2015-12-21;282;252;253
254;admin;2015-12-22;admin;2015-12-22;300;253;254
255;admin;2015-12-23;admin;2015-12-23;282;254;255
256;admin;2015-12-24;admin;2015-12-24;294;255;256
257;admin;2015-12-25;admin;2015-12-25;282;256;257
258;admin;2015-12-28;admin;2015-12-28;276;257;258
259;admin;2015-12-29;admin;2015-12-29;279;258;259
260;admin;2015-12-30;admin;2015-12-30;291;259;260
261;admin;2015-12-31;admin;2015-12-31;294;260;261
262;admin;2016-01-01;admin;2016-01-01;294;261;262
263;admin;2016-01-04;admin;2016-01-04;285;262;263
264;admin;2016-01-05;admin;2016-01-05;276;263;264
265;admin;2016-01-06;admin;2016-01-06;294;264;265
266;admin;2016-01-07;admin;2016-01-07;282;265;266
267;admin;2016-01-08;admin;2016-01-08;300;266;267
268;admin;2016-01-11;admin;2016-01-11;282;267;268
269;admin;2016-01-12;admin;2016-01-12;297;268;269
270;admin;2016-01-13;admin;2016-01-13;300;269;270
271;admin;2016-01-14;admin;2016-01-14;291;270;271
272;admin;2016-01-15;admin;2016-01-15;279;271;272
273;admin;2016-01-18;admin;2016-01-18;276;272;273
274;admin;2016-01-19;admin;2016-01-19;276;273;274
275;admin;2016-01-20;admin;2016-01-20;288;274;275
276;admin;2016-01-21;admin;2016-01-21;276;275;276
277;admin;2016-01-22;admin;2016-01-22;291;276;277
278;admin;2016-01-25;admin;2016-01-25;300;277;278
279;admin;2016-01-26;admin;2016-01-26;285;278;279
280;admin;2016-01-27;admin;2016-01-27;294;279;280
281;admin;2016-01-28;admin;2016-01-28;276;280;281
282;admin;2016-01-29;admin;2016-01-29;285;281;282
283;admin;2016-02-01;admin;2016-02-01;279;282;283
284;admin;2016-02-02;admin;2016-02-02;294;283;284
285;admin;2016-02-03;admin;2016-02-03;276;284;285
286;admin;2016-02-04;admin;2016-02-04;294;285;286
287;admin;2016-02-05;admin;2016-02-05;297;286;287
288;admin;2016-02-08;admin;2016-02-08;279;287;288
289;admin;2016-02-09;admin;2016-02-09;297;288;289
290;admin;2016-02-10;admin;2016-02-10;285;289;290
291;admin;2016-02-11;admin;2016-02-11;285;290;291
292;admin;2016-02-12;admin;2016-02-12;279;291;292
293;admin;2016-02-15;admin;2016-02-15;294;292;293
294;admin;2016-02-16;admin;2016-02-16;288;293;294
295;admin;2016-02-17;admin;2016-02-17;300;294;295
296;admin;2016-02-18;admin;2016-02-18;300;295;296
297;admin;2016-02-19;admin;2016-02-19;279;296;297
298;admin;2016-02-22;admin;2016-02-22;300;297;298
299;admin;2016-02-23;admin;2016-02-23;288;298;299
300;admin;2016-02-24;admin;2016-02-24;300;299;300
301;admin;2016-02-25;admin;2016-02-25;291;300;301
302;admin;2016-02-26;admin;2016-02-26;279;301;302
303;admin;2016-02-29;admin;2016-02-29;276;302;303
304;admin;2016-03-01;admin;2016-03-01;300;303;304
305;admin;2016-03-02;admin;2016-03-02;291;304;305
306;admin;2016-03-03;admin;2016-03-03;276;305;306
307;admin;2016-03-04;admin;2016-03-04;282;306;307
308;admin;2016-03-07;admin;2016-03-07;282;307;308
309;admin;2016-03-08;admin;2016-03-08;288;308;309
310;admin;2016-03-09;admin;2016-03-09;279;309;310
311;admin;2016-03-10;admin;2016-03-10;285;310;311
312;admin;2016-03-11;admin;2016-03-11;291;311;312
313;admin;2016-03-14;admin;2016-03-14;291;312;313
314;admin;2016-03-15;admin;2016-03-15;297;313;314
315;admin;2016-03-16;admin;2016-03-16;285;314;315
316;admin;2016-03-17;admin;2016-03-17;300;315;316
317;admin;2016-03-18;admin;2016-03-18;282;316;317
318;admin;2016-03-21;admin;2016-03-21;291;317;318
319;admin;2016-03-22;admin;2016-03-22;288;318;319
320;admin;2016-03-23;admin;2016-03-23;291;319;320
321;admin;2016-03-24;admin;2016-03-24;297;320;321
322;admin;2016-03-25;admin;2016-03-25;285;321;322
323;admin;2016-03-28;admin;2016-03-28;294;322;323
324;admin;2016-03-29;admin;2016-03-29;300;323;324
325;admin;2016-03-30;admin;2016-03-30;300;324;325
326;admin;2016-03-31;admin;2016-03-31;282;325;326
327;admin;2016-04-01;admin;2016-04-01;291;326;327
328;admin;2016-04-04;admin;2016-04-04;300;327;328
329;admin;2016-04-05;admin;2016-04-05;285;328;329
330;admin;2016-04-06;admin;2016-04-06;294;329;330
331;admin;2016-04-07;admin;2016-04-07;291;330;331
332;admin;2016-04-08;admin;2016-04-08;297;331;332
333;admin;2016-04-11;admin;2016-04-11;276;332;333
334;admin;2016-04-12;admin;2016-04-12;297;333;334
335;admin;2016-04-13;admin;2016-04-13;297;334;335
336;admin;2016-04-14;admin;2016-04-14;276;335;336
337;admin;2016-04-15;admin;2016-04-15;288;336;337
338;admin;2016-04-18;admin;2016-04-18;294;337;338
339;admin;2016-04-19;admin;2016-04-19;282;338;339
340;admin;2016-04-20;admin;2016-04-20;294;339;340
341;admin;2016-04-21;admin;2016-04-21;291;340;341
342;admin;2016-04-22;admin;2016-04-22;288;341;342
343;admin;2016-04-25;admin;2016-04-25;300;342;343
344;admin;2016-04-26;admin;2016-04-26;294;343;344
345;admin;2016-04-27;admin;2016-04-27;300;344;345
346;admin;2016-04-28;admin;2016-04-28;276;345;346
347;admin;2016-04-29;admin;2016-04-29;297;346;347
348;admin;2016-05-02;admin;2016-05-02;300;347;348
349;admin;2016-05-03;admin;2016-05-03;300;348;349
350;admin;2016-05-04;admin;2016-05-04;288;349;350
351;admin;2016-05-05;admin;2016-05-05;297;350;351
352;admin;2016-05-06;admin;2016-05-06;279;351;352
353;admin;2016-05-09;admin;2016-05-09;294;352;353
354;admin;2016-05-10;admin;2016-05-10;288;353;354
355;admin;2016-05-11;admin;2016-05-11;294;354;355
356;admin;2016-05-12;admin;2016-05-12;297;355;356
357;admin;2016-05-13;admin;2016-05-13;279;356;357
358;admin;2016-05-16;admin;2016-05-16;282;357;358
359;admin;2016-05-17;admin;2016-05-17;297;358;359
360;admin;2016-05-18;admin;2016-05-18;279;359;360
361;admin;2016-05-19;admin;2016-05-19;282;360;361
362;admin;2016-05-20;admin;2016-05-20;291;361;362
363;admin;2016-05-23;admin;2016-05-23;285;362;363
364;admin;2016-05-24;admin;2016-05-24;285;363;364
365;admin;2016-05-25;admin;2016-05-25;300;364;365
366;admin;2016-05-26;admin;2016-05-26;300;365;366
367;admin;2016-05-27;admin;2016-05-27;282;366;367
368;admin;2016-05-30;admin;2016-05-30;300;367;368
369;admin;2016-05-31;admin;2016-05-31;276;368;369
370;admin;2016-06-01;admin;2016-06-01;276;369;370
371;admin;2016-06-02;admin;2016-06-02;291;370;371
372;admin;2016-06-03;admin;2016-06-03;285;371;372
373;admin;2016-06-06;admin;2016-06-06;288;372;373
374;admin;2016-06-07;admin;2016-06-07;294;373;374
375;admin;2016-06-08;admin;2016-06-08;279;374;375
376;admin;2016-06-09;admin;2016-06-09;288;375;376
377;admin;2016-06-10;admin;2016-06-10;297;376;377
378;admin;2016-06-13;admin;2016-06-13;282;377;378
379;admin;2016-06-14;admin;2016-06-14;294;378;379
380;admin;2016-06-15;admin;2016-06-15;291;379;380
381;admin;2016-06-16;admin;2016-06-16;291;380;381
382;admin;2016-06-17;admin;2016-06-17;279;381;382
383;admin;2016-06-20;admin;2016-06-20;297;382;383
384;admin;2016-06-21;admin;2016-06-21;294;383;384
385;admin;2016-06-22;admin;2016-06-22;291;384;385
386;admin;2016-06-23;admin;2016-06-23;297;385;386
387;admin;2016-06-24;admin;2016-06-24;279;386;387
388;admin;2016-06-27;admin;2016-06-27;282;387;388
389;admin;2016-06-28;admin;2016-06-28;285;388;389
390;admin;2016-06-29;admin;2016-06-29;294;389;390
391;admin;2016-06-30;admin;2016-06-30;297;390;391
392;admin;2016-07-01;admin;2016-07-01;297;391;392
393;admin;2016-07-04;admin;2016-07-04;297;392;393
394;admin;2016-07-05;admin;2016-07-05;288;393;394
395;admin;2016-07-06;admin;2016-07-06;282;394;395
396;admin;2016-07-07;admin;2016-07-07;297;395;396
397;admin;2016-07-08;admin;2016-07-08;279;396;397
398;admin;2016-07-11;admin;2016-07-11;300;397;398
399;admin;2016-07-12;admin;2016-07-12;282;398;399
400;admin;2016-07-13;admin;2016-07-13;288;399;400
401;admin;2016-07-14;admin;2016-07-14;279;400;401
402;admin;2016-07-15;admin;2016-07-15;288;401;402
403;admin;2016-07-18;admin;2016-07-18;288;402;403
404;admin;2016-07-19;admin;2016-07-19;285;403;404
405;admin;2016-07-20;admin;2016-07-20;282;404;405
406;admin;2016-07-21;admin;2016-07-21;297;405;406
407;admin;2016-07-22;admin;2016-07-22;282;406;407
408;admin;2016-07-25;admin;2016-07-25;291;407;408
409;admin;2016-07-26;admin;2016-07-26;279;408;409
410;admin;2016-07-27;admin;2016-07-27;294;409;410
411;admin;2016-07-28;admin;2016-07-28;282;410;411
412;admin;2016-07-29;admin;2016-07-29;285;411;412
413;admin;2016-08-01;admin;2016-08-01;297;412;413
414;admin;2016-08-02;admin;2016-08-02;294;413;414
415;admin;2016-08-03;admin;2016-08-03;291;414;415
416;admin;2016-08-04;admin;2016-08-04;276;415;416
417;admin;2016-08-05;admin;2016-08-05;294;416;417
418;admin;2016-08-08;admin;2016-08-08;276;417;418
419;admin;2016-08-09;admin;2016-08-09;276;418;419
420;admin;2016-08-10;admin;2016-08-10;285;419;420
421;admin;2016-08-11;admin;2016-08-11;282;420;421
422;admin;2016-08-12;admin;2016-08-12;297;421;422
423;admin;2016-08-15;admin;2016-08-15;282;422;423
424;admin;2016-08-16;admin;2016-08-16;300;423;424
425;admin;2016-08-17;admin;2016-08-17;300;424;425
426;admin;2016-08-18;admin;2016-08-18;297;425;426
427;admin;2016-08-19;admin;2016-08-19;279;426;427
428;admin;2016-08-22;admin;2016-08-22;297;427;428
429;admin;2016-08-23;admin;2016-08-23;297;428;429
430;admin;2016-08-24;admin;2016-08-24;282;429;430
431;admin;2016-08-25;admin;2016-08-25;276;430;431
432;admin;2016-08-26;admin;2016-08-26;288;431;432
433;admin;2016-08-29;admin;2016-08-29;300;432;433
434;admin;2016-08-30;admin;2016-08-30;297;433;434
435;admin;2016-08-31;admin;2016-08-31;285;434;435
436;admin;2016-09-01;admin;2016-09-01;282;435;436
437;admin;2016-09-02;admin;2016-09-02;300;436;437
438;admin;2016-09-05;admin;2016-09-05;276;437;438
439;admin;2016-09-06;admin;2016-09-06;282;438;439
440;admin;2016-09-07;admin;2016-09-07;297;439;440
441;admin;2016-09-08;admin;2016-09-08;285;440;441
442;admin;2016-09-09;admin;2016-09-09;285;441;442
443;admin;2016-09-12;admin;2016-09-12;288;442;443
444;admin;2016-09-13;admin;2016-09-13;294;443;444
445;admin;2016-09-14;admin;2016-09-14;294;444;445
446;admin;2016-09-15;admin;2016-09-15;291;445;446
447;admin;2016-09-16;admin;2016-09-16;297;446;447
448;admin;2016-09-19;admin;2016-09-19;297;447;448
449;admin;2016-09-20;admin;2016-09-20;276;448;449
450;admin;2016-09-21;admin;2016-09-21;288;449;450
451;admin;2016-09-22;admin;2016-09-22;282;450;451
452;admin;2016-09-23;admin;2016-09-23;291;451;452
453;admin;2016-09-26;admin;2016-09-26;285;452;453
454;admin;2016-09-27;admin;2016-09-27;291;453;454
455;admin;2016-09-28;admin;2016-09-28;297;454;455
456;admin;2016-09-29;admin;2016-09-29;291;455;456
457;admin;2016-09-30;admin;2016-09-30;288;456;457
458;admin;2016-10-03;admin;2016-10-03;276;457;458
459;admin;2016-10-04;admin;2016-10-04;282;458;459
460;admin;2016-10-05;admin;2016-10-05;276;459;460
461;admin;2016-10-06;admin;2016-10-06;285;460;461
462;admin;2016-10-07;admin;2016-10-07;279;461;462
463;admin;2016-10-10;admin;2016-10-10;279;462;463
464;admin;2016-10-11;admin;2016-10-11;288;463;464
465;admin;2016-10-12;admin;2016-10-12;285;464;465
466;admin;2016-10-13;admin;2016-10-13;291;465;466
467;admin;2016-10-14;admin;2016-10-14;294;466;467
468;admin;2016-10-17;admin;2016-10-17;288;467;468
469;admin;2016-10-18;admin;2016-10-18;300;468;469
470;admin;2016-10-19;admin;2016-10-19;279;469;470
471;admin;2016-10-20;admin;2016-10-20;282;470;471
472;admin;2016-10-21;admin;2016-10-21;300;471;472
473;admin;2016-10-24;admin;2016-10-24;291;472;473
474;admin;2016-10-25;admin;2016-10-25;294;473;474
475;admin;2016-10-26;admin;2016-10-26;282;474;475
476;admin;2016-10-27;admin;2016-10-27;282;475;476
477;admin;2016-10-28;admin;2016-10-28;276;476;477
478;admin;2016-10-31;admin;2016-10-31;279;477;478
479;admin;2016-11-01;admin;2016-11-01;285;478;479
480;admin;2016-11-02;admin;2016-11-02;285;479;480
481;admin;2016-11-03;admin;2016-11-03;285;480;481
482;admin;2016-11-04;admin;2016-11-04;297;481;482
483;admin;2016-11-07;admin;2016-11-07;276;482;483
484;admin;2016-11-08;admin;2016-11-08;282;483;484
485;admin;2016-11-09;admin;2016-11-09;288;484;485
486;admin;2016-11-10;admin;2016-11-10;282;485;486
487;admin;2016-11-11;admin;2016-11-11;291;486;487
488;admin;2016-11-14;admin;2016-11-14;291;487;488
489;admin;2016-11-15;admin;2016-11-15;294;488;489
490;admin;2016-11-16;admin;2016-11-16;279;489;490
491;admin;2016-11-17;admin;2016-11-17;291;490;491
492;admin;2016-11-18;admin;2016-11-18;300;491;492
493;admin;2016-11-21;admin;2016-11-21;279;492;493
494;admin;2016-11-22;admin;2016-11-22;300;493;494
495;admin;2016-11-23;admin;2016-11-23;300;494;495
496;admin;2016-11-24;admin;2016-11-24;288;495;496
497;admin;2016-11-25;admin;2016-11-25;279;496;497
498;admin;2016-11-28;admin;2016-11-28;297;497;498
499;admin;2016-11-29;admin;2016-11-29;279;498;499
500;admin;2016-11-30;admin;2016-11-30;288;499;500
501;admin;2016-12-01;admin;2016-12-01;279;500;501
502;admin;2016-12-02;admin;2016-12-02;282;501;502
503;admin;2016-12-05;admin;2016-12-05;279;502;503
504;admin;2016-12-06;admin;2016-12-06;300;503;504
505;admin;2016-12-07;admin;2016-12-07;288;504;505
506;admin;2016-12-08;admin;2016-12-08;291;505;506
507;admin;2016-12-09;admin;2016-12-09;279;506;507
508;admin;2016-12-12;admin;2016-12-12;279;507;508
509;admin;2016-12-13;admin;2016-12-13;279;508;509
510;admin;2016-12-14;admin;2016-12-14;279;509;510
511;admin;2016-12-15;admin;2016-12-15;300;510;511
512;admin;2016-12-16;admin;2016-12-16;285;511;512
513;admin;2016-12-19;admin;2016-12-19;294;512;513
514;admin;2016-12-20;admin;2016-12-20;288;513;514
515;admin;2016-12-21;admin;2016-12-21;276;514;515
516;admin;2016-12-22;admin;2016-12-22;276;515;516
517;admin;2016-12-23;admin;2016-12-23;300;516;517
518;admin;2016-12-26;admin;2016-12-26;288;517;518
519;admin;2016-12-27;admin;2016-12-27;276;518;519
520;admin;2016-12-28;admin;2016-12-28;276;519;520
521;admin;2016-12-29;admin;2016-12-29;276;520;521
522;admin;2016-12-30;admin;2016-12-30;279;521;522
523;admin;2017-01-02;admin;2017-01-02;300;522;523
524;admin;2017-01-03;admin;2017-01-03;288;523;524
525;admin;2017-01-04;admin;2017-01-04;276;524;525
526;admin;2017-01-05;admin;2017-01-05;282;525;526
527;admin;2017-01-06;admin;2017-01-06;288;526;527
528;admin;2017-01-09;admin;2017-01-09;291;527;528
529;admin;2017-01-10;admin;2017-01-10;297;528;529
530;admin;2017-01-11;admin;2017-01-11;291;529;530
531;admin;2017-01-12;admin;2017-01-12;291;530;531
532;admin;2017-01-13;admin;2017-01-13;282;531;532
533;admin;2017-01-16;admin;2017-01-16;300;532;533
534;admin;2017-01-17;admin;2017-01-17;288;533;534
535;admin;2017-01-18;admin;2017-01-18;291;534;535
536;admin;2017-01-19;admin;2017-01-19;285;535;536
537;admin;2017-01-20;admin;2017-01-20;291;536;537
538;admin;2017-01-23;admin;2017-01-23;300;537;538
539;admin;2017-01-24;admin;2017-01-24;279;538;539
540;admin;2017-01-25;admin;2017-01-25;282;539;540
541;admin;2017-01-26;admin;2017-01-26;276;540;541
542;admin;2017-01-27;admin;2017-01-27;285;541;542
543;admin;2017-01-30;admin;2017-01-30;297;542;543
544;admin;2017-01-31;admin;2017-01-31;288;543;544
545;admin;2017-02-01;admin;2017-02-01;300;544;545
546;admin;2017-02-02;admin;2017-02-02;297;545;546
547;admin;2017-02-03;admin;2017-02-03;291;546;547
548;admin;2017-02-06;admin;2017-02-06;288;547;548
549;admin;2017-02-07;admin;2017-02-07;294;548;549
550;admin;2017-02-08;admin;2017-02-08;291;549;550
551;admin;2017-02-09;admin;2017-02-09;297;550;551
552;admin;2017-02-10;admin;2017-02-10;297;551;552
553;admin;2017-02-13;admin;2017-02-13;282;552;553
554;admin;2017-02-14;admin;2017-02-14;291;553;554
555;admin;2017-02-15;admin;2017-02-15;285;554;555
556;admin;2017-02-16;admin;2017-02-16;297;555;556
557;admin;2017-02-17;admin;2017-02-17;288;556;557
558;admin;2017-02-20;admin;2017-02-20;297;557;558
559;admin;2017-02-21;admin;2017-02-21;282;558;559
560;admin;2017-02-22;admin;2017-02-22;291;559;560
561;admin;2017-02-23;admin;2017-02-23;285;560;561
562;admin;2017-02-24;admin;2017-02-24;294;561;562
563;admin;2017-02-27;admin;2017-02-27;288;562;563
564;admin;2017-02-28;admin;2017-02-28;297;563;564
565;admin;2017-03-01;admin;2017-03-01;291;564;565
566;admin;2017-03-02;admin;2017-03-02;279;565;566
567;admin;2017-03-03;admin;2017-03-03;294;566;567
568;admin;2017-03-06;admin;2017-03-06;276;567;568
569;admin;2017-03-07;admin;2017-03-07;282;568;569
570;admin;2017-03-08;admin;2017-03-08;285;569;570
571;admin;2017-03-09;admin;2017-03-09;279;570;571
572;admin;2017-03-10;admin;2017-03-10;282;571;572
573;admin;2017-03-13;admin;2017-03-13;297;572;573
574;admin;2017-03-14;admin;2017-03-14;276;573;574
575;admin;2017-03-15;admin;2017-03-15;279;574;575
576;admin;2017-03-16;admin;2017-03-16;300;575;576
577;admin;2017-03-17;admin;2017-03-17;282;576;577
578;admin;2017-03-20;admin;2017-03-20;297;577;578
579;admin;2017-03-21;admin;2017-03-21;279;578;579
580;admin;2017-03-22;admin;2017-03-22;291;579;580
581;admin;2017-03-23;admin;2017-03-23;291;580;581
582;admin;2017-03-24;admin;2017-03-24;300;581;582
583;admin;2017-03-27;admin;2017-03-27;288;582;583
584;admin;2017-03-28;admin;2017-03-28;288;583;584
585;admin;2017-03-29;admin;2017-03-29;288;584;585
586;admin;2017-03-30;admin;2017-03-30;276;585;586
587;admin;2017-03-31;admin;2017-03-31;282;586;587
588;admin;2017-04-03;admin;2017-04-03;291;587;588
589;admin;2017-04-04;admin;2017-04-04;288;588;589
590;admin;2017-04-05;admin;2017-04-05;279;589;590
591;admin;2017-04-06;admin;2017-04-06;288;590;591
592;admin;2017-04-07;admin;2017-04-07;300;591;592
593;admin;2017-04-10;admin;2017-04-10;294;592;593
594;admin;2017-04-11;admin;2017-04-11;282;593;594
595;admin;2017-04-12;admin;2017-04-12;285;594;595
596;admin;2017-04-13;admin;2017-04-13;294;595;596
597;admin;2017-04-14;admin;2017-04-14;285;596;597
598;admin;2017-04-17;admin;2017-04-17;276;597;598
599;admin;2017-04-18;admin;2017-04-18;288;598;599
600;admin;2017-04-19;admin;2017-04-19;282;599;600
601;admin;2017-04-20;admin;2017-04-20;291;600;601
602;admin;2017-04-21;admin;2017-04-21;285;601;602
603;admin;2017-04-24;admin;2017-04-24;276;602;603
604;admin;2017-04-25;admin;2017-04-25;300;603;604
605;admin;2017-04-26;admin;2017-04-26;285;604;605
606;admin;2017-04-27;admin;2017-04-27;276;605;606
607;admin;2017-04-28;admin;2017-04-28;279;606;607
608;admin;2017-05-01;admin;2017-05-01;288;607;608
609;admin;2017-05-02;admin;2017-05-02;300;608;609
610;admin;2017-05-03;admin;2017-05-03;276;609;610
611;admin;2017-05-04;admin;2017-05-04;285;610;611
612;admin;2017-05-05;admin;2017-05-05;282;611;612
613;admin;2017-05-08;admin;2017-05-08;288;612;613
614;admin;2017-05-09;admin;2017-05-09;288;613;614
615;admin;2017-05-10;admin;2017-05-10;288;614;615
616;admin;2017-05-11;admin;2017-05-11;294;615;616
617;admin;2017-05-12;admin;2017-05-12;297;616;617
618;admin;2017-05-15;admin;2017-05-15;276;617;618
619;admin;2017-05-16;admin;2017-05-16;279;618;619
620;admin;2017-05-17;admin;2017-05-17;282;619;620
621;admin;2017-05-18;admin;2017-05-18;288;620;621
622;admin;2017-05-19;admin;2017-05-19;297;621;622
623;admin;2017-05-22;admin;2017-05-22;300;622;623
624;admin;2017-05-23;admin;2017-05-23;291;623;624
625;admin;2017-05-24;admin;2017-05-24;300;624;625
626;admin;2017-05-25;admin;2017-05-25;276;625;626
627;admin;2017-05-26;admin;2017-05-26;285;626;627
628;admin;2017-05-29;admin;2017-05-29;300;627;628
629;admin;2017-05-30;admin;2017-05-30;279;628;629
630;admin;2017-05-31;admin;2017-05-31;288;629;630
631;admin;2017-06-01;admin;2017-06-01;297;630;631
632;admin;2017-06-02;admin;2017-06-02;285;631;632
633;admin;2017-06-05;admin;2017-06-05;300;632;633
634;admin;2017-06-06;admin;2017-06-06;288;633;634
635;admin;2017-06-07;admin;2017-06-07;297;634;635
636;admin;2017-06-08;admin;2017-06-08;288;635;636
637;admin;2017-06-09;admin;2017-06-09;300;636;637
638;admin;2017-06-12;admin;2017-06-12;291;637;638
639;admin;2017-06-13;admin;2017-06-13;288;638;639
640;admin;2017-06-14;admin;2017-06-14;276;639;640
641;admin;2017-06-15;admin;2017-06-15;276;640;641
642;admin;2017-06-16;admin;2017-06-16;279;641;642
643;admin;2017-06-19;admin;2017-06-19;294;642;643
644;admin;2017-06-20;admin;2017-06-20;282;643;644
645;admin;2017-06-21;admin;2017-06-21;297;644;645
646;admin;2017-06-22;admin;2017-06-22;285;645;646
647;admin;2017-06-23;admin;2017-06-23;300;646;647
648;admin;2017-06-26;admin;2017-06-26;300;647;648
649;admin;2017-06-27;admin;2017-06-27;285;648;649
650;admin;2017-06-28;admin;2017-06-28;294;649;650
651;admin;2017-06-29;admin;2017-06-29;285;650;651
652;admin;2017-06-30;admin;2017-06-30;279;651;652
653;admin;2017-07-03;admin;2017-07-03;285;652;653
654;admin;2017-07-04;admin;2017-07-04;276;653;654
655;admin;2017-07-05;admin;2017-07-05;279;654;655
656;admin;2017-07-06;admin;2017-07-06;297;655;656
657;admin;2017-07-07;admin;2017-07-07;288;656;657
658;admin;2017-07-10;admin;2017-07-10;279;657;658
659;admin;2017-07-11;admin;2017-07-11;300;658;659
660;admin;2017-07-12;admin;2017-07-12;294;659;660
661;admin;2017-07-13;admin;2017-07-13;285;660;661
662;admin;2017-07-14;admin;2017-07-14;288;661;662
663;admin;2017-07-17;admin;2017-07-17;297;662;663
664;admin;2017-07-18;admin;2017-07-18;297;663;664
665;admin;2017-07-19;admin;2017-07-19;282;664;665
666;admin;2017-07-20;admin;2017-07-20;300;665;666
667;admin;2017-07-21;admin;2017-07-21;282;666;667
668;admin;2017-07-24;admin;2017-07-24;297;667;668
669;admin;2017-07-25;admin;2017-07-25;291;668;669
670;admin;2017-07-26;admin;2017-07-26;300;669;670
671;admin;2017-07-27;admin;2017-07-27;294;670;671
672;admin;2017-07-28;admin;2017-07-28;282;671;672
673;admin;2017-07-31;admin;2017-07-31;294;672;673
674;admin;2017-08-01;admin;2017-08-01;279;673;674
675;admin;2017-08-02;admin;2017-08-02;276;674;675
676;admin;2017-08-03;admin;2017-08-03;279;675;676
677;admin;2017-08-04;admin;2017-08-04;291;676;677
678;admin;2017-08-07;admin;2017-08-07;279;677;678
679;admin;2017-08-08;admin;2017-08-08;288;678;679
680;admin;2017-08-09;admin;2017-08-09;297;679;680
681;admin;2017-08-10;admin;2017-08-10;300;680;681
682;admin;2017-08-11;admin;2017-08-11;282;681;682
683;admin;2017-08-14;admin;2017-08-14;294;682;683
684;admin;2017-08-15;admin;2017-08-15;282;683;684
685;admin;2017-08-16;admin;2017-08-16;291;684;685
686;admin;2017-08-17;admin;2017-08-17;294;685;686
687;admin;2017-08-18;admin;2017-08-18;300;686;687
688;admin;2017-08-21;admin;2017-08-21;288;687;688
689;admin;2017-08-22;admin;2017-08-22;276;688;689
690;admin;2017-08-23;admin;2017-08-23;291;689;690
691;admin;2017-08-24;admin;2017-08-24;276;690;691
692;admin;2017-08-25;admin;2017-08-25;294;691;692
693;admin;2017-08-28;admin;2017-08-28;291;692;693
694;admin;2017-08-29;admin;2017-08-29;279;693;694
695;admin;2017-08-30;admin;2017-08-30;279;694;695
696;admin;2017-08-31;admin;2017-08-31;300;695;696
697;admin;2017-09-01;admin;2017-09-01;297;696;697
698;admin;2017-09-04;admin;2017-09-04;285;697;698
699;admin;2017-09-05;admin;2017-09-05;288;698;699
700;admin;2017-09-06;admin;2017-09-06;285;699;700
701;admin;2017-09-07;admin;2017-09-07;294;700;701
702;admin;2017-09-08;admin;2017-09-08;291;701;702
703;admin;2017-09-11;admin;2017-09-11;282;702;703
704;admin;2017-09-12;admin;2017-09-12;279;703;704
705;admin;2017-09-13;admin;2017-09-13;276;704;705
706;admin;2017-09-14;admin;2017-09-14;279;705;706
707;admin;2017-09-15;admin;2017-09-15;279;706;707
708;admin;2017-09-18;admin;2017-09-18;282;707;708
709;admin;2017-09-19;admin;2017-09-19;285;708;709
710;admin;2017-09-20;admin;2017-09-20;288;709;710
711;admin;2017-09-21;admin;2017-09-21;282;710;711
712;admin;2017-09-22;admin;2017-09-22;294;711;712
713;admin;2017-09-25;admin;2017-09-25;285;712;713
714;admin;2017-09-26;admin;2017-09-26;300;713;714
715;admin;2017-09-27;admin;2017-09-27;279;714;715
716;admin;2017-09-28;admin;2017-09-28;276;715;716
717;admin;2017-09-29;admin;2017-09-29;294;716;717
718;admin;2017-10-02;admin;2017-10-02;294;717;718
719;admin;2017-10-03;admin;2017-10-03;279;718;719
720;admin;2017-10-04;admin;2017-10-04;294;719;720
721;admin;2017-10-05;admin;2017-10-05;282;720;721
722;admin;2017-10-06;admin;2017-10-06;285;721;722
723;admin;2017-10-09;admin;2017-10-09;291;722;723
724;admin;2017-10-10;admin;2017-10-10;282;723;724
725;admin;2017-10-11;admin;2017-10-11;279;724;725
726;admin;2017-10-12;admin;2017-10-12;297;725;726
727;admin;2017-10-13;admin;2017-10-13;300;726;727
728;admin;2017-10-16;admin;2017-10-16;288;727;728
729;admin;2017-10-17;admin;2017-10-17;294;728;729
730;admin;2017-10-18;admin;2017-10-18;279;729;730
731;admin;2017-10-19;admin;2017-10-19;288;730;731
732;admin;2017-10-20;admin;2017-10-20;291;731;732
733;admin;2017-10-23;admin;2017-10-23;300;732;733
734;admin;2017-10-24;admin;2017-10-24;297;733;734
735;admin;2017-10-25;admin;2017-10-25;297;734;735
736;admin;2017-10-26;admin;2017-10-26;291;735;736
737;admin;2017-10-27;admin;2017-10-27;279;736;737
738;admin;2017-10-30;admin;2017-10-30;291;737;738
739;admin;2017-10-31;admin;2017-10-31;282;738;739
740;admin;2017-11-01;admin;2017-11-01;288;739;740
741;admin;2017-11-02;admin;2017-11-02;276;740;741
742;admin;2017-11-03;admin;2017-11-03;285;741;742
743;admin;2017-11-06;admin;2017-11-06;294;742;743
744;admin;2017-11-07;admin;2017-11-07;279;743;744
745;admin;2017-11-08;admin;2017-11-08;294;744;745
746;admin;2017-11-09;admin;2017-11-09;297;745;746
747;admin;2017-11-10;admin;2017-11-10;297;746;747
748;admin;2017-11-13;admin;2017-11-13;300;747;748
749;admin;2017-11-14;admin;2017-11-14;294;748;749
750;admin;2017-11-15;admin;2017-11-15;297;749;750
751;admin;2017-11-16;admin;2017-11-16;276;750;751
752;admin;2017-11-17;admin;2017-11-17;300;751;752
753;admin;2017-11-20;admin;2017-11-20;276;752;753
754;admin;2017-11-21;admin;2017-11-21;297;753;754
755;admin;2017-11-22;admin;2017-11-22;282;754;755
756;admin;2017-11-23;admin;2017-11-23;291;755;756
757;admin;2017-11-24;admin;2017-11-24;294;756;757
758;admin;2017-11-27;admin;2017-11-27;282;757;758
759;admin;2017-11-28;admin;2017-11-28;297;758;759
760;admin;2017-11-29;admin;2017-11-29;294;759;760
761;admin;2017-11-30;admin;2017-11-30;297;760;761
762;admin;2017-12-01;admin;2017-12-01;291;761;762
763;admin;2017-12-04;admin;2017-12-04;282;762;763
764;admin;2017-12-05;admin;2017-12-05;276;763;764
765;admin;2017-12-06;admin;2017-12-06;288;764;765
766;admin;2017-12-07;admin;2017-12-07;291;765;766
767;admin;2017-12-08;admin;2017-12-08;294;766;767
768;admin;2017-12-11;admin;2017-12-11;276;767;768
769;admin;2017-12-12;admin;2017-12-12;282;768;769
770;admin;2017-12-13;admin;2017-12-13;300;769;770
771;admin;2017-12-14;admin;2017-12-14;279;770;771
772;admin;2017-12-15;admin;2017-12-15;297;771;772
773;admin;2017-12-18;admin;2017-12-18;282;772;773
774;admin;2017-12-19;admin;2017-12-19;285;773;774
775;admin;2017-12-20;admin;2017-12-20;288;774;775
776;admin;2017-12-21;admin;2017-12-21;297;775;776
777;admin;2017-12-22;admin;2017-12-22;285;776;777
778;admin;2017-12-25;admin;2017-12-25;297;777;778
779;admin;2017-12-26;admin;2017-12-26;297;778;779
780;admin;2017-12-27;admin;2017-12-27;300;779;780
781;admin;2017-12-28;admin;2017-12-28;291;780;781
782;admin;2017-12-29;admin;2017-12-29;291;781;782
