id;created_by;created_date;last_modified_by;last_modified_date
0;admin;2015-01-01;admin;2015-01-01
1;admin;2015-01-02;admin;2015-01-02
2;admin;2015-01-05;admin;2015-01-05
3;admin;2015-01-06;admin;2015-01-06
4;admin;2015-01-07;admin;2015-01-07
5;admin;2015-01-08;admin;2015-01-08
6;admin;2015-01-09;admin;2015-01-09
7;admin;2015-01-12;admin;2015-01-12
8;admin;2015-01-13;admin;2015-01-13
9;admin;2015-01-14;admin;2015-01-14
10;admin;2015-01-15;admin;2015-01-15
11;admin;2015-01-16;admin;2015-01-16
12;admin;2015-01-19;admin;2015-01-19
13;admin;2015-01-20;admin;2015-01-20
14;admin;2015-01-21;admin;2015-01-21
15;admin;2015-01-22;admin;2015-01-22
16;admin;2015-01-23;admin;2015-01-23
17;admin;2015-01-26;admin;2015-01-26
18;admin;2015-01-27;admin;2015-01-27
19;admin;2015-01-28;admin;2015-01-28
20;admin;2015-01-29;admin;2015-01-29
21;admin;2015-01-30;admin;2015-01-30
22;admin;2015-02-02;admin;2015-02-02
23;admin;2015-02-03;admin;2015-02-03
24;admin;2015-02-04;admin;2015-02-04
25;admin;2015-02-05;admin;2015-02-05
26;admin;2015-02-06;admin;2015-02-06
27;admin;2015-02-09;admin;2015-02-09
28;admin;2015-02-10;admin;2015-02-10
29;admin;2015-02-11;admin;2015-02-11
30;admin;2015-02-12;admin;2015-02-12
31;admin;2015-02-13;admin;2015-02-13
32;admin;2015-02-16;admin;2015-02-16
33;admin;2015-02-17;admin;2015-02-17
34;admin;2015-02-18;admin;2015-02-18
35;admin;2015-02-19;admin;2015-02-19
36;admin;2015-02-20;admin;2015-02-20
37;admin;2015-02-23;admin;2015-02-23
38;admin;2015-02-24;admin;2015-02-24
39;admin;2015-02-25;admin;2015-02-25
40;admin;2015-02-26;admin;2015-02-26
41;admin;2015-02-27;admin;2015-02-27
42;admin;2015-03-02;admin;2015-03-02
43;admin;2015-03-03;admin;2015-03-03
44;admin;2015-03-04;admin;2015-03-04
45;admin;2015-03-05;admin;2015-03-05
46;admin;2015-03-06;admin;2015-03-06
47;admin;2015-03-09;admin;2015-03-09
48;admin;2015-03-10;admin;2015-03-10
49;admin;2015-03-11;admin;2015-03-11
50;admin;2015-03-12;admin;2015-03-12
51;admin;2015-03-13;admin;2015-03-13
52;admin;2015-03-16;admin;2015-03-16
53;admin;2015-03-17;admin;2015-03-17
54;admin;2015-03-18;admin;2015-03-18
55;admin;2015-03-19;admin;2015-03-19
56;admin;2015-03-20;admin;2015-03-20
57;admin;2015-03-23;admin;2015-03-23
58;admin;2015-03-24;admin;2015-03-24
59;admin;2015-03-25;admin;2015-03-25
60;admin;2015-03-26;admin;2015-03-26
61;admin;2015-03-27;admin;2015-03-27
62;admin;2015-03-30;admin;2015-03-30
63;admin;2015-03-31;admin;2015-03-31
64;admin;2015-04-01;admin;2015-04-01
65;admin;2015-04-02;admin;2015-04-02
66;admin;2015-04-03;admin;2015-04-03
67;admin;2015-04-06;admin;2015-04-06
68;admin;2015-04-07;admin;2015-04-07
69;admin;2015-04-08;admin;2015-04-08
70;admin;2015-04-09;admin;2015-04-09
71;admin;2015-04-10;admin;2015-04-10
72;admin;2015-04-13;admin;2015-04-13
73;admin;2015-04-14;admin;2015-04-14
74;admin;2015-04-15;admin;2015-04-15
75;admin;2015-04-16;admin;2015-04-16
76;admin;2015-04-17;admin;2015-04-17
77;admin;2015-04-20;admin;2015-04-20
78;admin;2015-04-21;admin;2015-04-21
79;admin;2015-04-22;admin;2015-04-22
80;admin;2015-04-23;admin;2015-04-23
81;admin;2015-04-24;admin;2015-04-24
82;admin;2015-04-27;admin;2015-04-27
83;admin;2015-04-28;admin;2015-04-28
84;admin;2015-04-29;admin;2015-04-29
85;admin;2015-04-30;admin;2015-04-30
86;admin;2015-05-01;admin;2015-05-01
87;admin;2015-05-04;admin;2015-05-04
88;admin;2015-05-05;admin;2015-05-05
89;admin;2015-05-06;admin;2015-05-06
90;admin;2015-05-07;admin;2015-05-07
91;admin;2015-05-08;admin;2015-05-08
92;admin;2015-05-11;admin;2015-05-11
93;admin;2015-05-12;admin;2015-05-12
94;admin;2015-05-13;admin;2015-05-13
95;admin;2015-05-14;admin;2015-05-14
96;admin;2015-05-15;admin;2015-05-15
97;admin;2015-05-18;admin;2015-05-18
98;admin;2015-05-19;admin;2015-05-19
99;admin;2015-05-20;admin;2015-05-20
100;admin;2015-05-21;admin;2015-05-21
101;admin;2015-05-22;admin;2015-05-22
102;admin;2015-05-25;admin;2015-05-25
103;admin;2015-05-26;admin;2015-05-26
104;admin;2015-05-27;admin;2015-05-27
105;admin;2015-05-28;admin;2015-05-28
106;admin;2015-05-29;admin;2015-05-29
107;admin;2015-06-01;admin;2015-06-01
108;admin;2015-06-02;admin;2015-06-02
109;admin;2015-06-03;admin;2015-06-03
110;admin;2015-06-04;admin;2015-06-04
111;admin;2015-06-05;admin;2015-06-05
112;admin;2015-06-08;admin;2015-06-08
113;admin;2015-06-09;admin;2015-06-09
114;admin;2015-06-10;admin;2015-06-10
115;admin;2015-06-11;admin;2015-06-11
116;admin;2015-06-12;admin;2015-06-12
117;admin;2015-06-15;admin;2015-06-15
118;admin;2015-06-16;admin;2015-06-16
119;admin;2015-06-17;admin;2015-06-17
120;admin;2015-06-18;admin;2015-06-18
121;admin;2015-06-19;admin;2015-06-19
122;admin;2015-06-22;admin;2015-06-22
123;admin;2015-06-23;admin;2015-06-23
124;admin;2015-06-24;admin;2015-06-24
125;admin;2015-06-25;admin;2015-06-25
126;admin;2015-06-26;admin;2015-06-26
127;admin;2015-06-29;admin;2015-06-29
128;admin;2015-06-30;admin;2015-06-30
129;admin;2015-07-01;admin;2015-07-01
130;admin;2015-07-02;admin;2015-07-02
131;admin;2015-07-03;admin;2015-07-03
132;admin;2015-07-06;admin;2015-07-06
133;admin;2015-07-07;admin;2015-07-07
134;admin;2015-07-08;admin;2015-07-08
135;admin;2015-07-09;admin;2015-07-09
136;admin;2015-07-10;admin;2015-07-10
137;admin;2015-07-13;admin;2015-07-13
138;admin;2015-07-14;admin;2015-07-14
139;admin;2015-07-15;admin;2015-07-15
140;admin;2015-07-16;admin;2015-07-16
141;admin;2015-07-17;admin;2015-07-17
142;admin;2015-07-20;admin;2015-07-20
143;admin;2015-07-21;admin;2015-07-21
144;admin;2015-07-22;admin;2015-07-22
145;admin;2015-07-23;admin;2015-07-23
146;admin;2015-07-24;admin;2015-07-24
147;admin;2015-07-27;admin;2015-07-27
148;admin;2015-07-28;admin;2015-07-28
149;admin;2015-07-29;admin;2015-07-29
150;admin;2015-07-30;admin;2015-07-30
151;admin;2015-07-31;admin;2015-07-31
152;admin;2015-08-03;admin;2015-08-03
153;admin;2015-08-04;admin;2015-08-04
154;admin;2015-08-05;admin;2015-08-05
155;admin;2015-08-06;admin;2015-08-06
156;admin;2015-08-07;admin;2015-08-07
157;admin;2015-08-10;admin;2015-08-10
158;admin;2015-08-11;admin;2015-08-11
159;admin;2015-08-12;admin;2015-08-12
160;admin;2015-08-13;admin;2015-08-13
161;admin;2015-08-14;admin;2015-08-14
162;admin;2015-08-17;admin;2015-08-17
163;admin;2015-08-18;admin;2015-08-18
164;admin;2015-08-19;admin;2015-08-19
165;admin;2015-08-20;admin;2015-08-20
166;admin;2015-08-21;admin;2015-08-21
167;admin;2015-08-24;admin;2015-08-24
168;admin;2015-08-25;admin;2015-08-25
169;admin;2015-08-26;admin;2015-08-26
170;admin;2015-08-27;admin;2015-08-27
171;admin;2015-08-28;admin;2015-08-28
172;admin;2015-08-31;admin;2015-08-31
173;admin;2015-09-01;admin;2015-09-01
174;admin;2015-09-02;admin;2015-09-02
175;admin;2015-09-03;admin;2015-09-03
176;admin;2015-09-04;admin;2015-09-04
177;admin;2015-09-07;admin;2015-09-07
178;admin;2015-09-08;admin;2015-09-08
179;admin;2015-09-09;admin;2015-09-09
180;admin;2015-09-10;admin;2015-09-10
181;admin;2015-09-11;admin;2015-09-11
182;admin;2015-09-14;admin;2015-09-14
183;admin;2015-09-15;admin;2015-09-15
184;admin;2015-09-16;admin;2015-09-16
185;admin;2015-09-17;admin;2015-09-17
186;admin;2015-09-18;admin;2015-09-18
187;admin;2015-09-21;admin;2015-09-21
188;admin;2015-09-22;admin;2015-09-22
189;admin;2015-09-23;admin;2015-09-23
190;admin;2015-09-24;admin;2015-09-24
191;admin;2015-09-25;admin;2015-09-25
192;admin;2015-09-28;admin;2015-09-28
193;admin;2015-09-29;admin;2015-09-29
194;admin;2015-09-30;admin;2015-09-30
195;admin;2015-10-01;admin;2015-10-01
196;admin;2015-10-02;admin;2015-10-02
197;admin;2015-10-05;admin;2015-10-05
198;admin;2015-10-06;admin;2015-10-06
199;admin;2015-10-07;admin;2015-10-07
200;admin;2015-10-08;admin;2015-10-08
201;admin;2015-10-09;admin;2015-10-09
202;admin;2015-10-12;admin;2015-10-12
203;admin;2015-10-13;admin;2015-10-13
204;admin;2015-10-14;admin;2015-10-14
205;admin;2015-10-15;admin;2015-10-15
206;admin;2015-10-16;admin;2015-10-16
207;admin;2015-10-19;admin;2015-10-19
208;admin;2015-10-20;admin;2015-10-20
209;admin;2015-10-21;admin;2015-10-21
210;admin;2015-10-22;admin;2015-10-22
211;admin;2015-10-23;admin;2015-10-23
212;admin;2015-10-26;admin;2015-10-26
213;admin;2015-10-27;admin;2015-10-27
214;admin;2015-10-28;admin;2015-10-28
215;admin;2015-10-29;admin;2015-10-29
216;admin;2015-10-30;admin;2015-10-30
217;admin;2015-11-02;admin;2015-11-02
218;admin;2015-11-03;admin;2015-11-03
219;admin;2015-11-04;admin;2015-11-04
220;admin;2015-11-05;admin;2015-11-05
221;admin;2015-11-06;admin;2015-11-06
222;admin;2015-11-09;admin;2015-11-09
223;admin;2015-11-10;admin;2015-11-10
224;admin;2015-11-11;admin;2015-11-11
225;admin;2015-11-12;admin;2015-11-12
226;admin;2015-11-13;admin;2015-11-13
227;admin;2015-11-16;admin;2015-11-16
228;admin;2015-11-17;admin;2015-11-17
229;admin;2015-11-18;admin;2015-11-18
230;admin;2015-11-19;admin;2015-11-19
231;admin;2015-11-20;admin;2015-11-20
232;admin;2015-11-23;admin;2015-11-23
233;admin;2015-11-24;admin;2015-11-24
234;admin;2015-11-25;admin;2015-11-25
235;admin;2015-11-26;admin;2015-11-26
236;admin;2015-11-27;admin;2015-11-27
237;admin;2015-11-30;admin;2015-11-30
238;admin;2015-12-01;admin;2015-12-01
239;admin;2015-12-02;admin;2015-12-02
240;admin;2015-12-03;admin;2015-12-03
241;admin;2015-12-04;admin;2015-12-04
242;admin;2015-12-07;admin;2015-12-07
243;admin;2015-12-08;admin;2015-12-08
244;admin;2015-12-09;admin;2015-12-09
245;admin;2015-12-10;admin;2015-12-10
246;admin;2015-12-11;admin;2015-12-11
247;admin;2015-12-14;admin;2015-12-14
248;admin;2015-12-15;admin;2015-12-15
249;admin;2015-12-16;admin;2015-12-16
250;admin;2015-12-17;admin;2015-12-17
251;admin;2015-12-18;admin;2015-12-18
252;admin;2015-12-21;admin;2015-12-21
253;admin;2015-12-22;admin;2015-12-22
254;admin;2015-12-23;admin;2015-12-23
255;admin;2015-12-24;admin;2015-12-24
256;admin;2015-12-25;admin;2015-12-25
257;admin;2015-12-28;admin;2015-12-28
258;admin;2015-12-29;admin;2015-12-29
259;admin;2015-12-30;admin;2015-12-30
260;admin;2015-12-31;admin;2015-12-31
261;admin;2016-01-01;admin;2016-01-01
262;admin;2016-01-04;admin;2016-01-04
263;admin;2016-01-05;admin;2016-01-05
264;admin;2016-01-06;admin;2016-01-06
265;admin;2016-01-07;admin;2016-01-07
266;admin;2016-01-08;admin;2016-01-08
267;admin;2016-01-11;admin;2016-01-11
268;admin;2016-01-12;admin;2016-01-12
269;admin;2016-01-13;admin;2016-01-13
270;admin;2016-01-14;admin;2016-01-14
271;admin;2016-01-15;admin;2016-01-15
272;admin;2016-01-18;admin;2016-01-18
273;admin;2016-01-19;admin;2016-01-19
274;admin;2016-01-20;admin;2016-01-20
275;admin;2016-01-21;admin;2016-01-21
276;admin;2016-01-22;admin;2016-01-22
277;admin;2016-01-25;admin;2016-01-25
278;admin;2016-01-26;admin;2016-01-26
279;admin;2016-01-27;admin;2016-01-27
280;admin;2016-01-28;admin;2016-01-28
281;admin;2016-01-29;admin;2016-01-29
282;admin;2016-02-01;admin;2016-02-01
283;admin;2016-02-02;admin;2016-02-02
284;admin;2016-02-03;admin;2016-02-03
285;admin;2016-02-04;admin;2016-02-04
286;admin;2016-02-05;admin;2016-02-05
287;admin;2016-02-08;admin;2016-02-08
288;admin;2016-02-09;admin;2016-02-09
289;admin;2016-02-10;admin;2016-02-10
290;admin;2016-02-11;admin;2016-02-11
291;admin;2016-02-12;admin;2016-02-12
292;admin;2016-02-15;admin;2016-02-15
293;admin;2016-02-16;admin;2016-02-16
294;admin;2016-02-17;admin;2016-02-17
295;admin;2016-02-18;admin;2016-02-18
296;admin;2016-02-19;admin;2016-02-19
297;admin;2016-02-22;admin;2016-02-22
298;admin;2016-02-23;admin;2016-02-23
299;admin;2016-02-24;admin;2016-02-24
300;admin;2016-02-25;admin;2016-02-25
301;admin;2016-02-26;admin;2016-02-26
302;admin;2016-02-29;admin;2016-02-29
303;admin;2016-03-01;admin;2016-03-01
304;admin;2016-03-02;admin;2016-03-02
305;admin;2016-03-03;admin;2016-03-03
306;admin;2016-03-04;admin;2016-03-04
307;admin;2016-03-07;admin;2016-03-07
308;admin;2016-03-08;admin;2016-03-08
309;admin;2016-03-09;admin;2016-03-09
310;admin;2016-03-10;admin;2016-03-10
311;admin;2016-03-11;admin;2016-03-11
312;admin;2016-03-14;admin;2016-03-14
313;admin;2016-03-15;admin;2016-03-15
314;admin;2016-03-16;admin;2016-03-16
315;admin;2016-03-17;admin;2016-03-17
316;admin;2016-03-18;admin;2016-03-18
317;admin;2016-03-21;admin;2016-03-21
318;admin;2016-03-22;admin;2016-03-22
319;admin;2016-03-23;admin;2016-03-23
320;admin;2016-03-24;admin;2016-03-24
321;admin;2016-03-25;admin;2016-03-25
322;admin;2016-03-28;admin;2016-03-28
323;admin;2016-03-29;admin;2016-03-29
324;admin;2016-03-30;admin;2016-03-30
325;admin;2016-03-31;admin;2016-03-31
326;admin;2016-04-01;admin;2016-04-01
327;admin;2016-04-04;admin;2016-04-04
328;admin;2016-04-05;admin;2016-04-05
329;admin;2016-04-06;admin;2016-04-06
330;admin;2016-04-07;admin;2016-04-07
331;admin;2016-04-08;admin;2016-04-08
332;admin;2016-04-11;admin;2016-04-11
333;admin;2016-04-12;admin;2016-04-12
334;admin;2016-04-13;admin;2016-04-13
335;admin;2016-04-14;admin;2016-04-14
336;admin;2016-04-15;admin;2016-04-15
337;admin;2016-04-18;admin;2016-04-18
338;admin;2016-04-19;admin;2016-04-19
339;admin;2016-04-20;admin;2016-04-20
340;admin;2016-04-21;admin;2016-04-21
341;admin;2016-04-22;admin;2016-04-22
342;admin;2016-04-25;admin;2016-04-25
343;admin;2016-04-26;admin;2016-04-26
344;admin;2016-04-27;admin;2016-04-27
345;admin;2016-04-28;admin;2016-04-28
346;admin;2016-04-29;admin;2016-04-29
347;admin;2016-05-02;admin;2016-05-02
348;admin;2016-05-03;admin;2016-05-03
349;admin;2016-05-04;admin;2016-05-04
350;admin;2016-05-05;admin;2016-05-05
351;admin;2016-05-06;admin;2016-05-06
352;admin;2016-05-09;admin;2016-05-09
353;admin;2016-05-10;admin;2016-05-10
354;admin;2016-05-11;admin;2016-05-11
355;admin;2016-05-12;admin;2016-05-12
356;admin;2016-05-13;admin;2016-05-13
357;admin;2016-05-16;admin;2016-05-16
358;admin;2016-05-17;admin;2016-05-17
359;admin;2016-05-18;admin;2016-05-18
360;admin;2016-05-19;admin;2016-05-19
361;admin;2016-05-20;admin;2016-05-20
362;admin;2016-05-23;admin;2016-05-23
363;admin;2016-05-24;admin;2016-05-24
364;admin;2016-05-25;admin;2016-05-25
365;admin;2016-05-26;admin;2016-05-26
366;admin;2016-05-27;admin;2016-05-27
367;admin;2016-05-30;admin;2016-05-30
368;admin;2016-05-31;admin;2016-05-31
369;admin;2016-06-01;admin;2016-06-01
370;admin;2016-06-02;admin;2016-06-02
371;admin;2016-06-03;admin;2016-06-03
372;admin;2016-06-06;admin;2016-06-06
373;admin;2016-06-07;admin;2016-06-07
374;admin;2016-06-08;admin;2016-06-08
375;admin;2016-06-09;admin;2016-06-09
376;admin;2016-06-10;admin;2016-06-10
377;admin;2016-06-13;admin;2016-06-13
378;admin;2016-06-14;admin;2016-06-14
379;admin;2016-06-15;admin;2016-06-15
380;admin;2016-06-16;admin;2016-06-16
381;admin;2016-06-17;admin;2016-06-17
382;admin;2016-06-20;admin;2016-06-20
383;admin;2016-06-21;admin;2016-06-21
384;admin;2016-06-22;admin;2016-06-22
385;admin;2016-06-23;admin;2016-06-23
386;admin;2016-06-24;admin;2016-06-24
387;admin;2016-06-27;admin;2016-06-27
388;admin;2016-06-28;admin;2016-06-28
389;admin;2016-06-29;admin;2016-06-29
390;admin;2016-06-30;admin;2016-06-30
391;admin;2016-07-01;admin;2016-07-01
392;admin;2016-07-04;admin;2016-07-04
393;admin;2016-07-05;admin;2016-07-05
394;admin;2016-07-06;admin;2016-07-06
395;admin;2016-07-07;admin;2016-07-07
396;admin;2016-07-08;admin;2016-07-08
397;admin;2016-07-11;admin;2016-07-11
398;admin;2016-07-12;admin;2016-07-12
399;admin;2016-07-13;admin;2016-07-13
400;admin;2016-07-14;admin;2016-07-14
401;admin;2016-07-15;admin;2016-07-15
402;admin;2016-07-18;admin;2016-07-18
403;admin;2016-07-19;admin;2016-07-19
404;admin;2016-07-20;admin;2016-07-20
405;admin;2016-07-21;admin;2016-07-21
406;admin;2016-07-22;admin;2016-07-22
407;admin;2016-07-25;admin;2016-07-25
408;admin;2016-07-26;admin;2016-07-26
409;admin;2016-07-27;admin;2016-07-27
410;admin;2016-07-28;admin;2016-07-28
411;admin;2016-07-29;admin;2016-07-29
412;admin;2016-08-01;admin;2016-08-01
413;admin;2016-08-02;admin;2016-08-02
414;admin;2016-08-03;admin;2016-08-03
415;admin;2016-08-04;admin;2016-08-04
416;admin;2016-08-05;admin;2016-08-05
417;admin;2016-08-08;admin;2016-08-08
418;admin;2016-08-09;admin;2016-08-09
419;admin;2016-08-10;admin;2016-08-10
420;admin;2016-08-11;admin;2016-08-11
421;admin;2016-08-12;admin;2016-08-12
422;admin;2016-08-15;admin;2016-08-15
423;admin;2016-08-16;admin;2016-08-16
424;admin;2016-08-17;admin;2016-08-17
425;admin;2016-08-18;admin;2016-08-18
426;admin;2016-08-19;admin;2016-08-19
427;admin;2016-08-22;admin;2016-08-22
428;admin;2016-08-23;admin;2016-08-23
429;admin;2016-08-24;admin;2016-08-24
430;admin;2016-08-25;admin;2016-08-25
431;admin;2016-08-26;admin;2016-08-26
432;admin;2016-08-29;admin;2016-08-29
433;admin;2016-08-30;admin;2016-08-30
434;admin;2016-08-31;admin;2016-08-31
435;admin;2016-09-01;admin;2016-09-01
436;admin;2016-09-02;admin;2016-09-02
437;admin;2016-09-05;admin;2016-09-05
438;admin;2016-09-06;admin;2016-09-06
439;admin;2016-09-07;admin;2016-09-07
440;admin;2016-09-08;admin;2016-09-08
441;admin;2016-09-09;admin;2016-09-09
442;admin;2016-09-12;admin;2016-09-12
443;admin;2016-09-13;admin;2016-09-13
444;admin;2016-09-14;admin;2016-09-14
445;admin;2016-09-15;admin;2016-09-15
446;admin;2016-09-16;admin;2016-09-16
447;admin;2016-09-19;admin;2016-09-19
448;admin;2016-09-20;admin;2016-09-20
449;admin;2016-09-21;admin;2016-09-21
450;admin;2016-09-22;admin;2016-09-22
451;admin;2016-09-23;admin;2016-09-23
452;admin;2016-09-26;admin;2016-09-26
453;admin;2016-09-27;admin;2016-09-27
454;admin;2016-09-28;admin;2016-09-28
455;admin;2016-09-29;admin;2016-09-29
456;admin;2016-09-30;admin;2016-09-30
457;admin;2016-10-03;admin;2016-10-03
458;admin;2016-10-04;admin;2016-10-04
459;admin;2016-10-05;admin;2016-10-05
460;admin;2016-10-06;admin;2016-10-06
461;admin;2016-10-07;admin;2016-10-07
462;admin;2016-10-10;admin;2016-10-10
463;admin;2016-10-11;admin;2016-10-11
464;admin;2016-10-12;admin;2016-10-12
465;admin;2016-10-13;admin;2016-10-13
466;admin;2016-10-14;admin;2016-10-14
467;admin;2016-10-17;admin;2016-10-17
468;admin;2016-10-18;admin;2016-10-18
469;admin;2016-10-19;admin;2016-10-19
470;admin;2016-10-20;admin;2016-10-20
471;admin;2016-10-21;admin;2016-10-21
472;admin;2016-10-24;admin;2016-10-24
473;admin;2016-10-25;admin;2016-10-25
474;admin;2016-10-26;admin;2016-10-26
475;admin;2016-10-27;admin;2016-10-27
476;admin;2016-10-28;admin;2016-10-28
477;admin;2016-10-31;admin;2016-10-31
478;admin;2016-11-01;admin;2016-11-01
479;admin;2016-11-02;admin;2016-11-02
480;admin;2016-11-03;admin;2016-11-03
481;admin;2016-11-04;admin;2016-11-04
482;admin;2016-11-07;admin;2016-11-07
483;admin;2016-11-08;admin;2016-11-08
484;admin;2016-11-09;admin;2016-11-09
485;admin;2016-11-10;admin;2016-11-10
486;admin;2016-11-11;admin;2016-11-11
487;admin;2016-11-14;admin;2016-11-14
488;admin;2016-11-15;admin;2016-11-15
489;admin;2016-11-16;admin;2016-11-16
490;admin;2016-11-17;admin;2016-11-17
491;admin;2016-11-18;admin;2016-11-18
492;admin;2016-11-21;admin;2016-11-21
493;admin;2016-11-22;admin;2016-11-22
494;admin;2016-11-23;admin;2016-11-23
495;admin;2016-11-24;admin;2016-11-24
496;admin;2016-11-25;admin;2016-11-25
497;admin;2016-11-28;admin;2016-11-28
498;admin;2016-11-29;admin;2016-11-29
499;admin;2016-11-30;admin;2016-11-30
500;admin;2016-12-01;admin;2016-12-01
501;admin;2016-12-02;admin;2016-12-02
502;admin;2016-12-05;admin;2016-12-05
503;admin;2016-12-06;admin;2016-12-06
504;admin;2016-12-07;admin;2016-12-07
505;admin;2016-12-08;admin;2016-12-08
506;admin;2016-12-09;admin;2016-12-09
507;admin;2016-12-12;admin;2016-12-12
508;admin;2016-12-13;admin;2016-12-13
509;admin;2016-12-14;admin;2016-12-14
510;admin;2016-12-15;admin;2016-12-15
511;admin;2016-12-16;admin;2016-12-16
512;admin;2016-12-19;admin;2016-12-19
513;admin;2016-12-20;admin;2016-12-20
514;admin;2016-12-21;admin;2016-12-21
515;admin;2016-12-22;admin;2016-12-22
516;admin;2016-12-23;admin;2016-12-23
517;admin;2016-12-26;admin;2016-12-26
518;admin;2016-12-27;admin;2016-12-27
519;admin;2016-12-28;admin;2016-12-28
520;admin;2016-12-29;admin;2016-12-29
521;admin;2016-12-30;admin;2016-12-30
522;admin;2017-01-02;admin;2017-01-02
523;admin;2017-01-03;admin;2017-01-03
524;admin;2017-01-04;admin;2017-01-04
525;admin;2017-01-05;admin;2017-01-05
526;admin;2017-01-06;admin;2017-01-06
527;admin;2017-01-09;admin;2017-01-09
528;admin;2017-01-10;admin;2017-01-10
529;admin;2017-01-11;admin;2017-01-11
530;admin;2017-01-12;admin;2017-01-12
531;admin;2017-01-13;admin;2017-01-13
532;admin;2017-01-16;admin;2017-01-16
533;admin;2017-01-17;admin;2017-01-17
534;admin;2017-01-18;admin;2017-01-18
535;admin;2017-01-19;admin;2017-01-19
536;admin;2017-01-20;admin;2017-01-20
537;admin;2017-01-23;admin;2017-01-23
538;admin;2017-01-24;admin;2017-01-24
539;admin;2017-01-25;admin;2017-01-25
540;admin;2017-01-26;admin;2017-01-26
541;admin;2017-01-27;admin;2017-01-27
542;admin;2017-01-30;admin;2017-01-30
543;admin;2017-01-31;admin;2017-01-31
544;admin;2017-02-01;admin;2017-02-01
545;admin;2017-02-02;admin;2017-02-02
546;admin;2017-02-03;admin;2017-02-03
547;admin;2017-02-06;admin;2017-02-06
548;admin;2017-02-07;admin;2017-02-07
549;admin;2017-02-08;admin;2017-02-08
550;admin;2017-02-09;admin;2017-02-09
551;admin;2017-02-10;admin;2017-02-10
552;admin;2017-02-13;admin;2017-02-13
553;admin;2017-02-14;admin;2017-02-14
554;admin;2017-02-15;admin;2017-02-15
555;admin;2017-02-16;admin;2017-02-16
556;admin;2017-02-17;admin;2017-02-17
557;admin;2017-02-20;admin;2017-02-20
558;admin;2017-02-21;admin;2017-02-21
559;admin;2017-02-22;admin;2017-02-22
560;admin;2017-02-23;admin;2017-02-23
561;admin;2017-02-24;admin;2017-02-24
562;admin;2017-02-27;admin;2017-02-27
563;admin;2017-02-28;admin;2017-02-28
564;admin;2017-03-01;admin;2017-03-01
565;admin;2017-03-02;admin;2017-03-02
566;admin;2017-03-03;admin;2017-03-03
567;admin;2017-03-06;admin;2017-03-06
568;admin;2017-03-07;admin;2017-03-07
569;admin;2017-03-08;admin;2017-03-08
570;admin;2017-03-09;admin;2017-03-09
571;admin;2017-03-10;admin;2017-03-10
572;admin;2017-03-13;admin;2017-03-13
573;admin;2017-03-14;admin;2017-03-14
574;admin;2017-03-15;admin;2017-03-15
575;admin;2017-03-16;admin;2017-03-16
576;admin;2017-03-17;admin;2017-03-17
577;admin;2017-03-20;admin;2017-03-20
578;admin;2017-03-21;admin;2017-03-21
579;admin;2017-03-22;admin;2017-03-22
580;admin;2017-03-23;admin;2017-03-23
581;admin;2017-03-24;admin;2017-03-24
582;admin;2017-03-27;admin;2017-03-27
583;admin;2017-03-28;admin;2017-03-28
584;admin;2017-03-29;admin;2017-03-29
585;admin;2017-03-30;admin;2017-03-30
586;admin;2017-03-31;admin;2017-03-31
587;admin;2017-04-03;admin;2017-04-03
588;admin;2017-04-04;admin;2017-04-04
589;admin;2017-04-05;admin;2017-04-05
590;admin;2017-04-06;admin;2017-04-06
591;admin;2017-04-07;admin;2017-04-07
592;admin;2017-04-10;admin;2017-04-10
593;admin;2017-04-11;admin;2017-04-11
594;admin;2017-04-12;admin;2017-04-12
595;admin;2017-04-13;admin;2017-04-13
596;admin;2017-04-14;admin;2017-04-14
597;admin;2017-04-17;admin;2017-04-17
598;admin;2017-04-18;admin;2017-04-18
599;admin;2017-04-19;admin;2017-04-19
600;admin;2017-04-20;admin;2017-04-20
601;admin;2017-04-21;admin;2017-04-21
602;admin;2017-04-24;admin;2017-04-24
603;admin;2017-04-25;admin;2017-04-25
604;admin;2017-04-26;admin;2017-04-26
605;admin;2017-04-27;admin;2017-04-27
606;admin;2017-04-28;admin;2017-04-28
607;admin;2017-05-01;admin;2017-05-01
608;admin;2017-05-02;admin;2017-05-02
609;admin;2017-05-03;admin;2017-05-03
610;admin;2017-05-04;admin;2017-05-04
611;admin;2017-05-05;admin;2017-05-05
612;admin;2017-05-08;admin;2017-05-08
613;admin;2017-05-09;admin;2017-05-09
614;admin;2017-05-10;admin;2017-05-10
615;admin;2017-05-11;admin;2017-05-11
616;admin;2017-05-12;admin;2017-05-12
617;admin;2017-05-15;admin;2017-05-15
618;admin;2017-05-16;admin;2017-05-16
619;admin;2017-05-17;admin;2017-05-17
620;admin;2017-05-18;admin;2017-05-18
621;admin;2017-05-19;admin;2017-05-19
622;admin;2017-05-22;admin;2017-05-22
623;admin;2017-05-23;admin;2017-05-23
624;admin;2017-05-24;admin;2017-05-24
625;admin;2017-05-25;admin;2017-05-25
626;admin;2017-05-26;admin;2017-05-26
627;admin;2017-05-29;admin;2017-05-29
628;admin;2017-05-30;admin;2017-05-30
629;admin;2017-05-31;admin;2017-05-31
630;admin;2017-06-01;admin;2017-06-01
631;admin;2017-06-02;admin;2017-06-02
632;admin;2017-06-05;admin;2017-06-05
633;admin;2017-06-06;admin;2017-06-06
634;admin;2017-06-07;admin;2017-06-07
635;admin;2017-06-08;admin;2017-06-08
636;admin;2017-06-09;admin;2017-06-09
637;admin;2017-06-12;admin;2017-06-12
638;admin;2017-06-13;admin;2017-06-13
639;admin;2017-06-14;admin;2017-06-14
640;admin;2017-06-15;admin;2017-06-15
641;admin;2017-06-16;admin;2017-06-16
642;admin;2017-06-19;admin;2017-06-19
643;admin;2017-06-20;admin;2017-06-20
644;admin;2017-06-21;admin;2017-06-21
645;admin;2017-06-22;admin;2017-06-22
646;admin;2017-06-23;admin;2017-06-23
647;admin;2017-06-26;admin;2017-06-26
648;admin;2017-06-27;admin;2017-06-27
649;admin;2017-06-28;admin;2017-06-28
650;admin;2017-06-29;admin;2017-06-29
651;admin;2017-06-30;admin;2017-06-30
652;admin;2017-07-03;admin;2017-07-03
653;admin;2017-07-04;admin;2017-07-04
654;admin;2017-07-05;admin;2017-07-05
655;admin;2017-07-06;admin;2017-07-06
656;admin;2017-07-07;admin;2017-07-07
657;admin;2017-07-10;admin;2017-07-10
658;admin;2017-07-11;admin;2017-07-11
659;admin;2017-07-12;admin;2017-07-12
660;admin;2017-07-13;admin;2017-07-13
661;admin;2017-07-14;admin;2017-07-14
662;admin;2017-07-17;admin;2017-07-17
663;admin;2017-07-18;admin;2017-07-18
664;admin;2017-07-19;admin;2017-07-19
665;admin;2017-07-20;admin;2017-07-20
666;admin;2017-07-21;admin;2017-07-21
667;admin;2017-07-24;admin;2017-07-24
668;admin;2017-07-25;admin;2017-07-25
669;admin;2017-07-26;admin;2017-07-26
670;admin;2017-07-27;admin;2017-07-27
671;admin;2017-07-28;admin;2017-07-28
672;admin;2017-07-31;admin;2017-07-31
673;admin;2017-08-01;admin;2017-08-01
674;admin;2017-08-02;admin;2017-08-02
675;admin;2017-08-03;admin;2017-08-03
676;admin;2017-08-04;admin;2017-08-04
677;admin;2017-08-07;admin;2017-08-07
678;admin;2017-08-08;admin;2017-08-08
679;admin;2017-08-09;admin;2017-08-09
680;admin;2017-08-10;admin;2017-08-10
681;admin;2017-08-11;admin;2017-08-11
682;admin;2017-08-14;admin;2017-08-14
683;admin;2017-08-15;admin;2017-08-15
684;admin;2017-08-16;admin;2017-08-16
685;admin;2017-08-17;admin;2017-08-17
686;admin;2017-08-18;admin;2017-08-18
687;admin;2017-08-21;admin;2017-08-21
688;admin;2017-08-22;admin;2017-08-22
689;admin;2017-08-23;admin;2017-08-23
690;admin;2017-08-24;admin;2017-08-24
691;admin;2017-08-25;admin;2017-08-25
692;admin;2017-08-28;admin;2017-08-28
693;admin;2017-08-29;admin;2017-08-29
694;admin;2017-08-30;admin;2017-08-30
695;admin;2017-08-31;admin;2017-08-31
696;admin;2017-09-01;admin;2017-09-01
697;admin;2017-09-04;admin;2017-09-04
698;admin;2017-09-05;admin;2017-09-05
699;admin;2017-09-06;admin;2017-09-06
700;admin;2017-09-07;admin;2017-09-07
701;admin;2017-09-08;admin;2017-09-08
702;admin;2017-09-11;admin;2017-09-11
703;admin;2017-09-12;admin;2017-09-12
704;admin;2017-09-13;admin;2017-09-13
705;admin;2017-09-14;admin;2017-09-14
706;admin;2017-09-15;admin;2017-09-15
707;admin;2017-09-18;admin;2017-09-18
708;admin;2017-09-19;admin;2017-09-19
709;admin;2017-09-20;admin;2017-09-20
710;admin;2017-09-21;admin;2017-09-21
711;admin;2017-09-22;admin;2017-09-22
712;admin;2017-09-25;admin;2017-09-25
713;admin;2017-09-26;admin;2017-09-26
714;admin;2017-09-27;admin;2017-09-27
715;admin;2017-09-28;admin;2017-09-28
716;admin;2017-09-29;admin;2017-09-29
717;admin;2017-10-02;admin;2017-10-02
718;admin;2017-10-03;admin;2017-10-03
719;admin;2017-10-04;admin;2017-10-04
720;admin;2017-10-05;admin;2017-10-05
721;admin;2017-10-06;admin;2017-10-06
722;admin;2017-10-09;admin;2017-10-09
723;admin;2017-10-10;admin;2017-10-10
724;admin;2017-10-11;admin;2017-10-11
725;admin;2017-10-12;admin;2017-10-12
726;admin;2017-10-13;admin;2017-10-13
727;admin;2017-10-16;admin;2017-10-16
728;admin;2017-10-17;admin;2017-10-17
729;admin;2017-10-18;admin;2017-10-18
730;admin;2017-10-19;admin;2017-10-19
731;admin;2017-10-20;admin;2017-10-20
732;admin;2017-10-23;admin;2017-10-23
733;admin;2017-10-24;admin;2017-10-24
734;admin;2017-10-25;admin;2017-10-25
735;admin;2017-10-26;admin;2017-10-26
736;admin;2017-10-27;admin;2017-10-27
737;admin;2017-10-30;admin;2017-10-30
738;admin;2017-10-31;admin;2017-10-31
739;admin;2017-11-01;admin;2017-11-01
740;admin;2017-11-02;admin;2017-11-02
741;admin;2017-11-03;admin;2017-11-03
742;admin;2017-11-06;admin;2017-11-06
743;admin;2017-11-07;admin;2017-11-07
744;admin;2017-11-08;admin;2017-11-08
745;admin;2017-11-09;admin;2017-11-09
746;admin;2017-11-10;admin;2017-11-10
747;admin;2017-11-13;admin;2017-11-13
748;admin;2017-11-14;admin;2017-11-14
749;admin;2017-11-15;admin;2017-11-15
750;admin;2017-11-16;admin;2017-11-16
751;admin;2017-11-17;admin;2017-11-17
752;admin;2017-11-20;admin;2017-11-20
753;admin;2017-11-21;admin;2017-11-21
754;admin;2017-11-22;admin;2017-11-22
755;admin;2017-11-23;admin;2017-11-23
756;admin;2017-11-24;admin;2017-11-24
757;admin;2017-11-27;admin;2017-11-27
758;admin;2017-11-28;admin;2017-11-28
759;admin;2017-11-29;admin;2017-11-29
760;admin;2017-11-30;admin;2017-11-30
761;admin;2017-12-01;admin;2017-12-01
762;admin;2017-12-04;admin;2017-12-04
763;admin;2017-12-05;admin;2017-12-05
764;admin;2017-12-06;admin;2017-12-06
765;admin;2017-12-07;admin;2017-12-07
766;admin;2017-12-08;admin;2017-12-08
767;admin;2017-12-11;admin;2017-12-11
768;admin;2017-12-12;admin;2017-12-12
769;admin;2017-12-13;admin;2017-12-13
770;admin;2017-12-14;admin;2017-12-14
771;admin;2017-12-15;admin;2017-12-15
772;admin;2017-12-18;admin;2017-12-18
773;admin;2017-12-19;admin;2017-12-19
774;admin;2017-12-20;admin;2017-12-20
775;admin;2017-12-21;admin;2017-12-21
776;admin;2017-12-22;admin;2017-12-22
777;admin;2017-12-25;admin;2017-12-25
778;admin;2017-12-26;admin;2017-12-26
779;admin;2017-12-27;admin;2017-12-27
780;admin;2017-12-28;admin;2017-12-28
781;admin;2017-12-29;admin;2017-12-29
